INSERT INTO quiz (course_id, title, description)
VALUES
( 1, 'Quiz 1', 'Alhabet'),
( 2, 'Quiz 2', 'Weekdays'),
( 3, 'Quiz 3', 'Body'),
( 4, 'Quiz 4', 'Daily Item'),
( 5, 'Quiz 5', 'Subject'),
( 6, 'Quiz 6', 'Animal');



INSERT INTO question (quiz_id, question, picture, video)
VALUES 
(1, 'what does this mean?','bodylanguage_c.jpg',NULL),
(1, 'what does this mean?','bodylanguage_g.jpg',NULL),
(1, 'what does this mean?','bodylanguage_z.jpg',NULL),
(1, 'what does this mean?','bodylanguage_s.jpg',NULL),
(1, 'what does this mean?','bodylanguage_k.jpg',NULL),
(2, 'what does this mean?',NULL, 'https://www.youtube.com/watch?v=D4Qk7YDcT3w'),
(2, 'what does this mean?',NULL, 'https://www.youtube.com/watch?v=i-E57y9pWkI'),
(2, 'what does this mean?',NULL, 'https://www.youtube.com/watch?v=Ai1LYYlk5TY&pp=ygUUc2lnbiBsYW5ndWFnZSBGcmlkYXk%3D'),
(2, 'what does this mean?',NULL, 'https://www.youtube.com/watch?v=pVyI-D6alms&pp=ygUWc2lnbiBsYW5ndWFnZSBUaHVyc2RheQ%3D%3D'),
(2, 'what does this mean?',NULL, 'https://www.youtube.com/watch?v=fg9huEPjFBQ'),
(3, 'what does this mean?',NULL, 'https://www.youtube.com/watch?v=teStsYrX-ow'),
(3, 'what does this mean?',NULL, 'https://www.youtube.com/watch?v=JXOJ16_0mQg'),
(3, 'what does this mean?',NULL, 'https://www.youtube.com/watch?v=nmFavMsCm4g'),
(3, 'what does this mean?',NULL, 'https://www.youtube.com/watch?v=geQT9vW0OyI'),
(3, 'what does this mean?',NULL, 'https://www.youtube.com/watch?v=fXAAKXSjOoE&pp=ygURc2lnbiBsYW5ndWFnZSBsZWc%3D'),
(4, 'what does this mean?',NULL, 'https://www.youtube.com/watch?v=EqLbHuS81J4'),
(4, 'what does this mean?',NULL, 'https://www.youtube.com/watch?v=xifKj8UNczQ'),
(4, 'what does this mean?',NULL, 'https://www.youtube.com/watch?v=IDARiOLo22I'),
(4, 'what does this mean?',NULL, 'https://www.youtube.com/watch?v=04Ov1nw_OWA'),
(4, 'what does this mean?',NULL, 'https://www.youtube.com/watch?v=rbBPg9bUJXk'),
(5, 'what does this mean?',NULL, 'https://www.youtube.com/watch?v=THFUrj4r_nI&pp=ygUSc2lnbiBsYW5ndWFnZSBCbHVl'),
(5, 'what does this mean?',NULL, 'https://www.youtube.com/watch?v=YY_y6x-dzb8&pp=ygURc2lnbiBsYW5ndWFnZSBwZW4%3D'),
(5, 'what does this mean?',NULL, 'https://www.youtube.com/watch?v=yW5ivkk0_tc&pp=ygURc2lnbiBsYW5ndWFnZSBhcnQ%3D'),
(5, 'what does this mean?',NULL, 'https://www.youtube.com/watch?v=yW5ivkk0_tc&pp=ygURc2lnbiBsYW5ndWFnZSBhcnQ%3D'),
(5, 'what does this mean?',NULL, 'https://www.youtube.com/watch?v=OTTQjdB7KEk&pp=ygUXc2lnbmxhbmd1YWdlIHBoaWxvc29waHk%3D'),
(6, 'what does this mean?',NULL, 'https://www.youtube.com/watch?v=FnIbh5awjTg&pp=ygUSc2lnaG4gbGFuZ3VhZ2UgQ2F0'),
(6, 'what does this mean?', NULL,'https://www.youtube.com/watch?v=jw_JtL35ZP4&pp=ygUSc2lnaG4gbGFuZ3VhZ2UgZG9n'),
(6, 'what does this mean?', NULL, 'https://www.youtube.com/watch?v=0VJ6i7rY7Y4&pp=ygUWc2lnaG4gbGFuZ3VhZ2UgcGVuZ3Vpbg%3D%3D'),
(6, 'what does this mean?', NULL, 'https://www.youtube.com/watch?v=mqfBZC3GjI8&pp=ygUSc2lnbmxhbmd1YWdlIFNoZWVw'),
(6, 'what does this mean?', NULL, 'https://www.youtube.com/watch?v=aVfJRXtyS7U&pp=ygURc2lnbmxhbmd1YWdlIGJlYXI%3D');

INSERT INTO questionoption (question_id, option_text, picture, video, is_correct)
VALUES
(1, 'A', 'bodylanguage_c.jpg',NULL, 'True'),
(1, 'B', 'bodylanguage_d.jpg',NULL, 0),
(1, 'C', 'bodylanguage_a.jpg',NULL, 0),
(1, 'D', 'bodylanguage_e.jpg',NULL, 0),
(2, 'A', 'bodylanguage_d.jpg',NULL, 0),
(2, 'B', 'bodylanguage_g.jpg',NULL, 'True'),
(2, 'C', 'bodylanguage_j.jpg',NULL, 0),
(2, 'D', 'bodylanguage_h.jpg',NULL, 0),
(3, 'A', 'bodylanguage_c.jpg',NULL, 0),
(3, 'B', 'bodylanguage_d.jpg',NULL, 0),
(3, 'C', 'bodylanguage_z.jpg',NULL, 'True'),
(3, 'D', 'bodylanguage_e.jpg',NULL, 0),
(4, 'A', 'bodylanguage_l.jpg',NULL, 0),
(4, 'B', 'bodylanguage_z.jpg',NULL, 0),
(4, 'C', 'bodylanguage_r.jpg',NULL, 0),
(4, 'D', 'bodylanguage_s.jpg',NULL, 1),
(5, 'A', 'bodylanguage_f.jpg',NULL, 0),
(5, 'B', 'bodylanguage_s.jpg',NULL, 0),
(5, 'C', 'bodylanguage_i.jpg',NULL, 0),
(5, 'D', 'bodylanguage_k.jpg',NULL, 'True'),

(6, 'A', NULL,'https://www.youtube.com/watch?v=D4Qk7YDcT3w', 'True'),
(6, 'B', NULL, 'https://www.youtube.com/watch?v=i-E57y9pWkI', 'False'),
(6, 'C', NULL, 'https://www.youtube.com/watch?v=x8tKi8WhTi8', 'True'),
(6, 'D', NULL, 'https://www.youtube.com/watch?v=a2OdoLmtKx8', 'False'),
(7, 'A', NULL, 'https://www.youtube.com/watch?v=x8tKi8WhTi8', 'False'),
(7, 'B', NULL, 'https://www.youtube.com/watch?v=i-E57y9pWkI', 'True'),
(7, 'C', NULL, 'https://www.youtube.com/watch?v=n0ulOOMM9tw&pp=ygUUc2lnbiBsYW5ndWFnZSBNb25kYXk%3D', 'False'),
(7, 'D', NULL, 'https://www.youtube.com/watch?v=zvFM6wEfqYc&pp=ygUVc2lnbiBsYW5ndWFnZSBUdWVzZGF5', 'False'),
(8, 'A', NULL, 'https://www.youtube.com/watch?v=zvFM6wEfqYc&pp=ygUVc2lnbiBsYW5ndWFnZSBUdWVzZGF5', 'False'),
(8, 'B', NULL, 'https://www.youtube.com/watch?v=a2OdoLmtKx8', 'False'),
(8, 'C', NULL, 'https://www.youtube.com/watch?v=fg9huEPjFBQ', 'False'),
(8, 'D', NULL, 'https://www.youtube.com/watch?v=Ai1LYYlk5TY&pp=ygUUc2lnbiBsYW5ndWFnZSBGcmlkYXk%3D', 'True'),
(9, 'A', NULL, 'https://www.youtube.com/watch?v=pVyI-D6alms&pp=ygUWc2lnbiBsYW5ndWFnZSBUaHVyc2RheQ%3D%3D', 'True'),
(9, 'B', NULL, 'https://www.youtube.com/watch?v=i-E57y9pWkI', 'False'),
(9, 'C', NULL, 'https://www.youtube.com/watch?v=n0ulOOMM9tw&pp=ygUUc2lnbiBsYW5ndWFnZSBNb25kYXk%3D', 'False'),
(9, 'D', NULL, 'https://www.youtube.com/watch?v=x8tKi8WhTi8', 'False'),
(10, 'A', NULL,'https://www.youtube.com/watch?v=n0ulOOMM9tw&pp=ygUUc2lnbiBsYW5ndWFnZSBNb25kYXk%3D', 'False'),
(10, 'B', NULL,'https://www.youtube.com/watch?v=fg9huEPjFBQ', 'True'),
(10, 'C', NULL, 'https://www.youtube.com/watch?v=fg9huEPjFBQ', 'False'),
(10, 'D', NULL, 'https://www.youtube.com/watch?v=pVyI-D6alms&pp=ygUWc2lnbiBsYW5ndWFnZSBUaHVyc2RheQ%3D%3D', 'False'),

(11, 'A', NULL, 'https://www.youtube.com/watch?v=nmFavMsCm4g', 'False'),
(11, 'B', NULL, 'https://www.youtube.com/watch?v=JXOJ16_0mQg', 'False'),
(11, 'C', NULL, 'https://www.youtube.com/watch?v=teStsYrX-ow', 'True'),
(11, 'D', NULL, 'https://www.youtube.com/watch?v=geQT9vW0OyI', 'False'),
(12, 'A', NULL, 'https://www.youtube.com/watch?v=nmFavMsCm4g', 'False'),
(12, 'B', NULL, 'https://www.youtube.com/watch?v=geQT9vW0OyI', 'False'),
(12, 'C', NULL, 'https://www.youtube.com/watch?v=JXOJ16_0mQg', 'True'),
(12, 'D', NULL, 'https://www.youtube.com/watch?v=teStsYrX-ow', 'False'),
(13, 'A', NULL, 'https://www.youtube.com/watch?v=JXOJ16_0mQg', 'False'),
(13, 'B', NULL, 'https://www.youtube.com/watch?v=nmFavMsCm4g', 'True'),
(13, 'C', NULL, 'https://www.youtube.com/watch?v=teStsYrX-ow', 'False'),
(13, 'D', NULL, 'https://www.youtube.com/watch?v=geQT9vW0OyI', 'False'),
(14, 'A', NULL, 'https://www.youtube.com/watch?v=JXOJ16_0mQg', 'False'),
(14, 'B', NULL, 'https://www.youtube.com/watch?v=nmFavMsCm4g', 'False'),
(14, 'C', NULL, 'https://www.youtube.com/watch?v=teStsYrX-ow', 'False'),
(14, 'D', NULL, 'https://www.youtube.com/watch?v=geQT9vW0OyI', 'True'),
(15, 'A', NULL, 'https://www.youtube.com/watch?v=geQT9vW0OyI', 'False'),
(15, 'B', NULL, 'https://www.youtube.com/watch?v=teStsYrX-ow', 'False'),
(15, 'C', NULL, 'https://www.youtube.com/watch?v=fXAAKXSjOoE&pp=ygURc2lnbiBsYW5ndWFnZSBsZWc%3D', 'True'),
(15, 'D', NULL, 'https://www.youtube.com/watch?v=nmFavMsCm4g', 'False'),


(16, 'A', NULL, 'https://www.youtube.com/watch?v=EqLbHuS81J4', 'True'),
(16, 'B', NULL, 'https://www.youtube.com/watch?v=xifKj8UNczQ', 'False'),
(16, 'C', NULL, 'https://www.youtube.com/watch?v=rbBPg9bUJXk', 'False'),
(16, 'D', NULL, 'https://www.youtube.com/watch?v=IDARiOLo22I', 'False'),
(17, 'A', NULL, 'https://www.youtube.com/watch?v=04Ov1nw_OWA', 'False'),
(17, 'B', NULL, 'https://www.youtube.com/watch?v=EqLbHuS81J4', 'False'),
(17, 'C', NULL, 'https://www.youtube.com/watch?v=xifKj8UNczQ', 'True'),
(17, 'D', NULL, 'https://www.youtube.com/watch?v=rbBPg9bUJXk', 'False'),
(18, 'A', NULL, 'https://www.youtube.com/watch?v=IDARiOLo22I', 'True'),
(18, 'B', NULL, 'https://www.youtube.com/watch?v=04Ov1nw_OWA', 'False'),
(18, 'C', NULL, 'https://www.youtube.com/watch?v=EqLbHuS81J4', 'False'),
(18, 'D', NULL, 'https://www.youtube.com/watch?v=xifKj8UNczQ', 'False'),
(19, 'A', NULL, 'https://www.youtube.com/watch?v=rbBPg9bUJXk', 'False'),
(19, 'B', NULL, 'https://www.youtube.com/watch?v=IDARiOLo22I', 'False'),
(19, 'C', NULL, 'https://www.youtube.com/watch?v=04Ov1nw_OWA', 'True'),
(19, 'D', NULL, 'https://www.youtube.com/watch?v=EqLbHuS81J4', 'False'),
(20, 'A', NULL, 'https://www.youtube.com/watch?v=xifKj8UNczQ', 'False'),
(20, 'B', NULL, 'https://www.youtube.com/watch?v=rbBPg9bUJXk', 'True'),
(20, 'C', NULL, 'https://www.youtube.com/watch?v=IDARiOLo22I', 'False'),
(20, 'D', NULL, 'https://www.youtube.com/watch?v=04Ov1nw_OWA', 'False'),

(21, 'A', NULL, 'https://www.youtube.com/watch?v=THFUrj4r_nI&pp=ygUSc2lnbiBsYW5ndWFnZSBCbHVl', 'True'),
(21, 'B', NULL, 'https://www.youtube.com/watch?v=wwo6dhSXpuM&pp=ygUVc2lnbiBsYW5ndWFnZSBTY2llbmNl', 'False'),
(21, 'C', NULL, 'https://www.youtube.com/watch?v=yW5ivkk0_tc&pp=ygURc2lnbiBsYW5ndWFnZSBhcnQ%3D', 'False'),
(21, 'D', NULL, 'https://www.youtube.com/watch?v=OTTQjdB7KEk&pp=ygUXc2lnbmxhbmd1YWdlIHBoaWxvc29waHk%3D', 'False'),
(22, 'A', NULL, 'https://www.youtube.com/watch?v=YY_y6x-dzb8&pp=ygURc2lnbiBsYW5ndWFnZSBwZW4%3D', 'True'),
(22, 'B', NULL, 'https://www.youtube.com/watch?v=yW5ivkk0_tc&pp=ygURc2lnbiBsYW5ndWFnZSBhcnQ%3D', 'False'),
(22, 'C', NULL, 'https://www.youtube.com/watch?v=THFUrj4r_nI&pp=ygUSc2lnbiBsYW5ndWFnZSBCbHVl', 'False'),
(22, 'D', NULL, 'https://www.youtube.com/watch?v=OTTQjdB7KEk&pp=ygUXc2lnbmxhbmd1YWdlIHBoaWxvc29waHk%3D', 'False'),
(23, 'A', NULL, 'https://www.youtube.com/watch?v=YY_y6x-dzb8&pp=ygURc2lnbiBsYW5ndWFnZSBwZW4%3D', 'False'),
(23, 'B', NULL, 'https://www.youtube.com/watch?v=yW5ivkk0_tc&pp=ygURc2lnbiBsYW5ndWFnZSBhcnQ%3D', 'True'),
(23, 'C', NULL, 'https://www.youtube.com/watch?v=THFUrj4r_nI&pp=ygUSc2lnbiBsYW5ndWFnZSBCbHVl', 'False'),
(23, 'D', NULL, 'https://www.youtube.com/watch?v=OTTQjdB7KEk&pp=ygUXc2lnbmxhbmd1YWdlIHBoaWxvc29waHk%3D', 'False'),
(24, 'A', NULL, 'https://www.youtube.com/watch?v=YY_y6x-dzb8&pp=ygURc2lnbiBsYW5ndWFnZSBwZW4%3D', 'False'),
(24, 'B', NULL, 'https://www.youtube.com/watch?v=yW5ivkk0_tc&pp=ygURc2lnbiBsYW5ndWFnZSBhcnQ%3D', 'True'),
(24, 'C', NULL, 'https://www.youtube.com/watch?v=THFUrj4r_nI&pp=ygUSc2lnbiBsYW5ndWFnZSBCbHVl', 'False'),
(24, 'D', NULL, 'https://www.youtube.com/watch?v=OTTQjdB7KEk&pp=ygUXc2lnbmxhbmd1YWdlIHBoaWxvc29waHk%3D', 'False'),
(25, 'A', NULL, 'https://www.youtube.com/watch?v=YY_y6x-dzb8&pp=ygURc2lnbiBsYW5ndWFnZSBwZW4%3D', 'False'),
(25, 'B', NULL, 'https://www.youtube.com/watch?v=yW5ivkk0_tc&pp=ygURc2lnbiBsYW5ndWFnZSBhcnQ%3D', 'False'),
(25, 'C', NULL, 'https://www.youtube.com/watch?v=THFUrj4r_nI&pp=ygUSc2lnbiBsYW5ndWFnZSBCbHVl', 'False'),
(25, 'D', NULL, 'https://www.youtube.com/watch?v=OTTQjdB7KEk&pp=ygUXc2lnbmxhbmd1YWdlIHBoaWxvc29waHk%3D', 'True'),

(26, 'A', NULL, 'https://www.youtube.com/watch?v=aVfJRXtyS7U&pp=ygURc2lnbmxhbmd1YWdlIGJlYXI%3D', 'False'),
(26, 'B', NULL, 'https://www.youtube.com/watch?v=jw_JtL35ZP4&pp=ygUSc2lnaG4gbGFuZ3VhZ2UgZG9n', 'False'),
(26, 'C', NULL, 'https://www.youtube.com/watch?v=FnIbh5awjTg&pp=ygUSc2lnaG4gbGFuZ3VhZ2UgQ2F0', 'True'),
(26, 'D', NULL, 'https://www.youtube.com/watch?v=mqfBZC3GjI8&pp=ygUSc2lnbmxhbmd1YWdlIFNoZWVw', 'False'),
(27, 'A', NULL, 'https://www.youtube.com/watch?v=0VJ6i7rY7Y4&pp=ygUWc2lnaG4gbGFuZ3VhZ2UgcGVuZ3Vpbg%3D%3D', 'False'),
(27, 'B', NULL, 'https://www.youtube.com/watch?v=aVfJRXtyS7U&pp=ygURc2lnbmxhbmd1YWdlIGJlYXI%3D', 'False'),
(27, 'C', NULL, 'https://www.youtube.com/watch?v=jw_JtL35ZP4&pp=ygUSc2lnaG4gbGFuZ3VhZ2UgZG9n', 'True'),
(27, 'D', NULL, 'https://www.youtube.com/watch?v=FnIbh5awjTg&pp=ygUSc2lnaG4gbGFuZ3VhZ2UgQ2F0', 'False'),
(28, 'A', NULL, 'https://www.youtube.com/watch?v=mqfBZC3GjI8&pp=ygUSc2lnbmxhbmd1YWdlIFNoZWVw', 'False'),
(28, 'B', NULL, 'https://www.youtube.com/watch?v=0VJ6i7rY7Y4&pp=ygUWc2lnaG4gbGFuZ3VhZ2UgcGVuZ3Vpbg%3D%3D', 'True'),
(28, 'C', NULL, 'https://www.youtube.com/watch?v=aVfJRXtyS7U&pp=ygURc2lnbmxhbmd1YWdlIGJlYXI%3D', 'False'),
(28, 'D', NULL, 'https://www.youtube.com/watch?v=jw_JtL35ZP4&pp=ygUSc2lnaG4gbGFuZ3VhZ2UgZG9n', 'False'),
(29, 'A', NULL, 'https://www.youtube.com/watch?v=FnIbh5awjTg&pp=ygUSc2lnaG4gbGFuZ3VhZ2UgQ2F0', 'False'),
(29, 'B', NULL, 'https://www.youtube.com/watch?v=mqfBZC3GjI8&pp=ygUSc2lnbmxhbmd1YWdlIFNoZWVw', 'True'),
(29, 'C', NULL, 'https://www.youtube.com/watch?v=0VJ6i7rY7Y4&pp=ygUWc2lnaG4gbGFuZ3VhZ2UgcGVuZ3Vpbg%3D%3D', 'False'),
(29, 'D', NULL, 'https://www.youtube.com/watch?v=aVfJRXtyS7U&pp=ygURc2lnbmxhbmd1YWdlIGJlYXI%3D', 'False'),
(30, 'A', NULL, 'https://www.youtube.com/watch?v=jw_JtL35ZP4&pp=ygUSc2lnaG4gbGFuZ3VhZ2UgZG9n', 'False'),
(30, 'B', NULL, 'https://www.youtube.com/watch?v=FnIbh5awjTg&pp=ygUSc2lnaG4gbGFuZ3VhZ2UgQ2F0', 'False'),
(30, 'C', NULL, 'https://www.youtube.com/watch?v=aVfJRXtyS7U&pp=ygURc2lnbmxhbmd1YWdlIGJlYXI%3D', 'True'),
(30, 'D', NULL, 'https://www.youtube.com/watch?v=0VJ6i7rY7Y4&pp=ygUWc2lnaG4gbGFuZ3VhZ2UgcGVuZ3Vpbg%3D%3D', 'False');

INSERT INTO quizresult (user_id, quiz_id, score, completed_at)
VALUES 
(1, 1, 4, '26/05/2023 9:48:49 PM'),
(3, 4, 5, '27/05/2023 1:48:49 PM'),
(2, 2, 3, '29/05/2023 3:48:49 PM'),
(4, 3, 1, '30/05/2023 4:48:49 PM'),
(5, 5, 2,'02/06/2023 8:48:49 PM');
INSERT INTO Feedback (user_id, course_id, feedback, created_at)
VALUES 
(1, 2, 'This course was very helpful.', '25/05/2023 9:48:49 PM'),
(2, 1, 'I learned a lot from this course.', '29/05/2023 3:48:49 PM'),
(3, 4, 'The content was very interesting.', '29/05/2023 2:46:59 PM'),
(4, 3, 'I enjoyed this course.', '29/05/2023 9:50:49 PM'),
(5, 7, 'This course could use more examples.', '02/06/2023 9:48:49 PM');

INSERT INTO users (username, email, passwords, first_name, last_name, age, gender, created_at, updated_at, user_role)
VALUES 
('kenta', 'kenta@user.com', 'password1', 'Kenta', 'Karakara', 22, 'M', '05/05/2023 5:48:49 PM', '05/05/2023 5:48:49 PM', 'admin'),
('taro', 'taro@user.com', 'password2', 'Taro', 'Yamada', 23, 'M', '05/05/2023 5:48:49 PM','05/05/2023 5:48:49 PM', 'user'),
('hana', 'hana@user.com', 'password3', 'Hana', 'Sakura', 24, 'F','05/05/2023 5:48:49 PM', '05/05/2023 5:48:49 PM', 'user'),
('yuki', 'yuki@user.com', 'password4', 'Yuki', 'Snow', 25, 'F', '05/05/2023 5:48:49 PM', '05/05/2023 5:48:49 PM', 'user'),
('mike', 'mike@user.com', 'password5', 'Mike', 'Smith', 26, 'M', '05/05/2023 5:48:49 PM', '05/05/2023 5:48:49 PM', 'admin');


INSERT INTO course (title, description, difficulty, created_at, updated_at) 
VALUES
('Alphabet', 'Alphabet', 'Easy','05/05/2023 5:48:49 PM', '05/05/2023 5:48:49 PM'),
('Weekdays', 'Weekdays','Easy','18/05/2023', '18/05/2023 5:48:49 PM'),
('Body', 'Body', 'Intermediate', '19/05/2023 5:48:49 PM', '19/05/2023 5:48:49 PM'),
('Daily Item', 'Daily Item', 'Intermediate', '20/05/2023 5:48:49 PM', '20/05/2023 5:48:49 PM'),
('Subject', 'Subject', 'Difficult', '24/05/2023 8:44:42 PM', '24/05/2023 8:44:42 PM'),
('Animal', 'Animal', 'Difficult', '05/05/2023 8:44:42 PM', '05/05/2023 8:44:42 PM');

INSERT INTO vocabulary ( course_id, term, description, image, video) 
VALUES
(1, 'A', 'A', 'bodylanguage_a.jpg', 'https://www.youtube.com/watch?v=bsYLoba2CV0'),
(1, 'B', 'B', 'bodylanguage_b.jpg', 'https://www.youtube.com/watch?v=3A4pdSEmuTE'),
(1, 'C', 'C', 'bodylanguage_c.jpg', 'https://www.youtube.com/watch?v=dJqoBH9NDOI'),
(1, 'D', 'D', 'bodylanguage_d.jpg', 'https://www.youtube.com/watch?v=unaicv88lLI'),
(1, 'E', 'E', 'bodylanguage_e.jpg', 'https://www.youtube.com/watch?v=DuqblObUlxk'),
(1, 'F', 'F', 'bodylanguage_f.jpg', 'https://www.youtube.com/watch?v=SadgQ0mvY50'),
(1, 'G', 'G', 'bodylanguage_g.jpg', 'https://www.youtube.com/watch?v=UM8feCdEh2k'),
(1, 'H', 'H', 'bodylanguage_h.jpg', 'https://www.youtube.com/watch?v=gz6Ux2SWVTc'),
(1, 'I', 'I', 'bodylanguage_i.jpg', 'https://www.youtube.com/watch?v=Hyfqjm3fFNk'),
(1, 'J', 'J', 'bodylanguage_j.jpg', 'https://www.youtube.com/watch?v=uvqNhKdoUw0'),
(1, 'K', 'K', 'bodylanguage_k.jpg', 'https://www.youtube.com/watch?v=9KP2yPZTZ5o'),
(1, 'L', 'L', 'bodylanguage_l.jpg', 'https://www.youtube.com/watch?v=PUVdWVNCZTk'),
(1, 'M', 'M', 'bodylanguage_m.jpg', 'https://www.youtube.com/watch?v=rrTRRfUzlB0'),
(1, 'N', 'N', 'bodylanguage_n.jpg', 'https://www.youtube.com/watch?v=fF5_b0dhTS4'),
(1, 'O', 'O', 'bodylanguage_o.jpg', 'https://www.youtube.com/watch?v=lvl-UxT0oOM'),
(1, 'P', 'P', 'bodylanguage_p.jpg', 'https://www.youtube.com/watch?v=9dlrwu_9qk8'),
(1, 'Q', 'Q', 'bodylanguage_q.jpg', 'https://www.youtube.com/watch?v=asa1mwMzuN8'),
(1, 'R', 'R', 'bodylanguage_r.jpg', 'https://www.youtube.com/watch?v=S9Wsq66A9xI'),
(1, 'S', 'S', 'bodylanguage_s.jpg', 'https://www.youtube.com/watch?v=sABdqaGImmw'),
(1, 'T', 'T', 'bodylanguage_t.jpg', 'https://www.youtube.com/watch?v=Z4RUlAm5EWA'),
(1, 'U', 'U', 'bodylanguage_u.jpg', 'https://www.youtube.com/watch?v=TMk2OJAmOmE'),
(1, 'V', 'V', 'bodylanguage_v.jpg', 'https://www.youtube.com/watch?v=0mjIJ_Maf34'),
(1, 'W', 'W', 'bodylanguage_w.jpg', 'https://www.youtube.com/watch?v=qd5icmqdALI'),
(1, 'X', 'X', 'bodylanguage_x.jpg', 'https://www.youtube.com/watch?v=vdL-hKuSwTs'),
(1, 'Y', 'Y', 'bodylanguage_y.jpg', 'https://www.youtube.com/watch?v=t689H0-w-Ww'),
(1, 'Z', 'Z', 'bodylanguage_z.jpg', 'https://www.youtube.com/watch?v=0BlkX6MWByw'),
( 2, 'Sunday', 'Sunday', NULL, 'https://www.youtube.com/watch?v=D4Qk7YDcT3w'),
( 2, 'Monday', 'Monday', NULL, 'https://www.youtube.com/watch?v=n0ulOOMM9tw&pp=ygUUc2lnbiBsYW5ndWFnZSBNb25kYXk%3D'),
(2, 'Tuesday', 'Tuesday', NULL, 'https://www.youtube.com/watch?v=zvFM6wEfqYc&pp=ygUVc2lnbiBsYW5ndWFnZSBUdWVzZGF5'),
(2, 'Wednesday', 'Wednesday', NULL, 'https://www.youtube.com/watch?v=x8tKi8WhTi8'),
(2, 'Thursday', 'Thursday', NULL, 'https://www.youtube.com/watch?v=pVyI-D6alms&pp=ygUWc2lnbiBsYW5ndWFnZSBUaHVyc2RheQ%3D%3D'),
(2, 'Friday', 'Friday', NULL, 'https://www.youtube.com/watch?v=Ai1LYYlk5TY&pp=ygUUc2lnbiBsYW5ndWFnZSBGcmlkYXk%3D'),
(2, 'Saturday', 'Saturday', NULL, 'https://www.youtube.com/watch?v=i-E57y9pWkI'),
(2, 'Yesterday', 'Yesterday', NULL, 'https://www.youtube.com/watch?v=fg9huEPjFBQ'),
(2, 'Today', 'Today', NULL, 'https://www.youtube.com/watch?v=SP8Uk_9EIeg'),
(2, 'Everyday', 'Everyday', NULL, 'https://www.youtube.com/watch?v=a2OdoLmtKx8'),
(3, 'Brain', 'The brain is the most complex part of the human body', NULL, 'https://www.youtube.com/watch?v=teStsYrX-ow'),
(3, 'Face', 'the front part of a person head from the forehead to the chin, or the corresponding part in an animal.', NULL, 'https://www.youtube.com/watch?v=JXOJ16_0mQg'),
(3, 'Finger', 'any of the five terminating members of the hand', NULL, 'https://www.youtube.com/watch?v=nmFavMsCm4g'),
(3, 'Hand', 'the end part of a persons arm beyond the wrist, including the palm, fingers, and thumb', NULL, 'https://www.youtube.com/watch?v=x8tKi8WhTi8'),
(4, 'Alarm', 'a device that makes a loud noise to warn of danger', NULL, 'https://www.youtube.com/watch?v=EqLbHuS81J4'),
(4, 'Bank', 'an institution that deals in money and its substitutes and provides other money-related service', NULL, 'https://www.youtube.com/watch?v=xifKj8UNczQ'),
(4, 'Bathroom', 'a room with a bath and/or shower and often a toilet', NULL, 'https://www.youtube.com/watch?v=rbBPg9bUJXk'),
(4, 'Flute', 'a tube-shaped musical instrument with a hole that you blow across at one end while holding the tube out horizontally to one side', NULL, 'https://www.youtube.com/watch?v=IDARiOLo22I'),
(4, 'Instagram', 'the name of a social media service for taking, changing, and sharing photographs and video', NULL, 'https://www.youtube.com/watch?v=04Ov1nw_OWA'),
(5, 'Math', 'Math', NULL, 'https://www.youtube.com/watch?v=THFUrj4r_nI&pp=ygUSc2lnbiBsYW5ndWFnZSBCbHVl'),
(5, 'Science', 'Science', NULL, 'https://www.youtube.com/watch?v=wwo6dhSXpuM&pp=ygUVc2lnbiBsYW5ndWFnZSBTY2llbmNl'),
(5, 'English', 'English', NULL, 'https://www.youtube.com/watch?v=ENGLISH_VIDEO_LINK'),
(5, 'Philosophy', 'Philosophy', NULL, 'https://www.youtube.com/watch?v=OTTQjdB7KEk&pp=ygUXc2lnbmxhbmd1YWdlIHBoaWxvc29waHk%3D'),
(6, 'Bear', 'Bear', NULL, 'https://www.youtube.com/watch?v=aVfJRXtyS7U&pp=ygURc2lnbmxhbmd1YWdlIGJlYXI%3D'),
(6, 'Sheep', 'Sheep', NULL, 'https://www.youtube.com/watch?v=mqfBZC3GjI8&pp=ygUSc2lnbmxhbmd1YWdlIFNoZWVw'),
(6, 'Dog', 'Dog', NULL, 'https://www.youtube.com/watch?v=jw_JtL35ZP4&pp=ygUSc2lnaG4gbGFuZ3VhZ2UgZG9n'),
(6, 'Cat', 'Cat', NULL, 'https://www.youtube.com/watch?v=FnIbh5awjTg&pp=ygUSc2lnaG4gbGFuZ3VhZ2UgQ2F0'),
(6, 'Penguin', 'Penguin', NULL, 'https://www.youtube.com/watch?v=0VJ6i7rY7Y4&pp=ygUWc2lnaG4gbGFuZ3VhZ2UgcGVuZ3Vpbg%3D%3D'),
(3, 'Legs', 'Legs', NULL, 'https://www.youtube.com/watch?v=0VJ6i7rY7Y4&pp=ygUWc2lnaG4gbGFuZ3VhZ2UgcGVuZ3Vpbg%3D%3D'),
(5, 'Pen', 'Pen', NULL, 'https://www.youtube.com/watch?v=YY_y6x-dzb8&pp=ygURc2lnbiBsYW5ndWFnZSBwZW4%3D'),
(5, 'Art', 'Art', NULL, 'https://www.youtube.com/watch?v=yW5ivkk0_tc&pp=ygURc2lnbiBsYW5ndWFnZSBhcnQ%3D');
--(46, 5, 'Yellow', 'Yellow', NULL, 'https://www.youtube.com/watch?v=3jJbkQdWxyU&pp=ygUVc2lnbiBsYW5ndWFnZSB5ZWxsb3du'),
--(47, 5, 'Black', 'Black', NULL, 'https://www.youtube.com/watch?v=VZBTIK9-Vew&pp=ygUTc2lnbiBsYW5ndWFnZSBibGFjaw%3D%3D'),
--(48, 5, 'White', 'White', NULL, 'https://www.youtube.com/watch?v=NVKeSA9NUuI&pp=ygUTc2lnbiBsYW5ndWFnZSB3aGl0ZQ%3D%3D'),
--(49, 5, 'Green', 'Green', NULL, 'https://www.youtube.com/watch?v=8Z_Plre787Q&pp=ygUTc2lnbiBsYW5ndWFnZSBncmVlbg%3D%3D'),
--(50, 5, 'Blue', 'Yellow', NULL, 'https://www.youtube.com/watch?v=THFUrj4r_nI&pp=ygUSc2lnbiBsYW5ndWFnZSBCbHVl'),