INSERT INTO quiz (quiz_id, course_id, title, description)
VALUES
(1, 1, 'Quiz 1', 'Alhabet'),
(2, 2, 'Quiz 2', 'Weekdays'),
(3, 3, 'Quiz 3', 'Body'),
(4, 4, 'Quiz 4', 'Daily Item'),
(5, 5, 'Quiz 5', 'Subject'),
(6, 6, 'Quiz 6', 'Animal');



INSERT INTO question (question_id, quiz_id, question, picture, video)
VALUES 
(1, 1, 'what does this mean?','bodylanguage_c.jpg',NULL),
(2, 1, 'what does this mean?','bodylanguage_g.jpg',NULL),
(3, 1, 'what does this mean?','bodylanguage_z.jpg',NULL),
(4, 1, 'what does this mean?','bodylanguage_s.jpg',NULL),
(5, 1, 'what does this mean?','bodylanguage_k.jpg',NULL),
(6, 2, 'what does this mean?',NULL, 'https://www.youtube.com/watch?v=D4Qk7YDcT3w'),
(7, 2, 'what does this mean?',NULL, 'https://www.youtube.com/watch?v=i-E57y9pWkI'),
(8, 2, 'what does this mean?',NULL, 'https://www.youtube.com/watch?v=Ai1LYYlk5TY&pp=ygUUc2lnbiBsYW5ndWFnZSBGcmlkYXk%3D'),
(9, 2, 'what does this mean?',NULL, 'https://www.youtube.com/watch?v=pVyI-D6alms&pp=ygUWc2lnbiBsYW5ndWFnZSBUaHVyc2RheQ%3D%3D'),
(10, 2, 'what does this mean?',NULL, 'https://www.youtube.com/watch?v=fg9huEPjFBQ'),
(11, 3, 'what does this mean?',NULL, 'https://www.youtube.com/watch?v=teStsYrX-ow'),
(12, 3, 'what does this mean?',NULL, 'https://www.youtube.com/watch?v=JXOJ16_0mQg'),
(13, 3, 'what does this mean?',NULL, 'https://www.youtube.com/watch?v=nmFavMsCm4g'),
(14, 3, 'what does this mean?',NULL, 'https://www.youtube.com/watch?v=geQT9vW0OyI'),
(15, 3, 'what does this mean?',NULL, 'https://www.youtube.com/watch?v=fXAAKXSjOoE&pp=ygURc2lnbiBsYW5ndWFnZSBsZWc%3D'),
(16, 4, 'what does this mean?',NULL, 'https://www.youtube.com/watch?v=EqLbHuS81J4'),
(17, 4, 'what does this mean?',NULL, 'https://www.youtube.com/watch?v=xifKj8UNczQ'),
(18, 4, 'what does this mean?',NULL, 'https://www.youtube.com/watch?v=IDARiOLo22I'),
(19, 4, 'what does this mean?',NULL, 'https://www.youtube.com/watch?v=04Ov1nw_OWA'),
(20, 4, 'what does this mean?',NULL, 'https://www.youtube.com/watch?v=rbBPg9bUJXk'),
(21, 5, 'what does this mean?',NULL, 'https://www.youtube.com/watch?v=THFUrj4r_nI&pp=ygUSc2lnbiBsYW5ndWFnZSBCbHVl'),
(22, 5, 'what does this mean?',NULL, 'https://www.youtube.com/watch?v=YY_y6x-dzb8&pp=ygURc2lnbiBsYW5ndWFnZSBwZW4%3D'),
(23, 5, 'what does this mean?',NULL, 'https://www.youtube.com/watch?v=yW5ivkk0_tc&pp=ygURc2lnbiBsYW5ndWFnZSBhcnQ%3D'),
(24, 5, 'what does this mean?',NULL, 'https://www.youtube.com/watch?v=yW5ivkk0_tc&pp=ygURc2lnbiBsYW5ndWFnZSBhcnQ%3D'),
(25, 5, 'what does this mean?',NULL, 'https://www.youtube.com/watch?v=OTTQjdB7KEk&pp=ygUXc2lnbmxhbmd1YWdlIHBoaWxvc29waHk%3D'),
(26, 6, 'what does this mean?',NULL, 'https://www.youtube.com/watch?v=FnIbh5awjTg&pp=ygUSc2lnaG4gbGFuZ3VhZ2UgQ2F0'),
(27, 6, 'what does this mean?', NULL,'https://www.youtube.com/watch?v=jw_JtL35ZP4&pp=ygUSc2lnaG4gbGFuZ3VhZ2UgZG9n'),
(28, 6, 'what does this mean?', NULL, 'https://www.youtube.com/watch?v=0VJ6i7rY7Y4&pp=ygUWc2lnaG4gbGFuZ3VhZ2UgcGVuZ3Vpbg%3D%3D'),
(29, 6, 'what does this mean?', NULL, 'https://www.youtube.com/watch?v=mqfBZC3GjI8&pp=ygUSc2lnbmxhbmd1YWdlIFNoZWVw'),
(30, 6, 'what does this mean?', NULL, 'https://www.youtube.com/watch?v=aVfJRXtyS7U&pp=ygURc2lnbmxhbmd1YWdlIGJlYXI%3D');


INSERT INTO questionoption (option_id, question_id, option_text, picture, video, is_correct)
VALUES
(1, 1, 'A', 'bodylanguage_c.jpg',NULL, 1),
(2, 1, 'B', 'bodylanguage_d.jpg',NULL, 0),
(3, 1, 'C', 'bodylanguage_a.jpg',NULL, 0),
(4, 1, 'D', 'bodylanguage_e.jpg',NULL, 0),
(5, 2, 'A', 'bodylanguage_d.jpg',NULL, 0),
(6, 2, 'B', 'bodylanguage_g.jpg',NULL, 1),
(7, 2, 'C', 'bodylanguage_j.jpg',NULL, 0),
(8, 2, 'D', 'bodylanguage_h.jpg',NULL, 0),
(9, 3, 'A', 'bodylanguage_c.jpg',NULL, 0),
(10, 3, 'B', 'bodylanguage_d.jpg',NULL, 0),
(11, 3, 'C', 'bodylanguage_z.jpg',NULL, 1),
(12, 3, 'D', 'bodylanguage_e.jpg',NULL, 0),
(13, 4, 'A', 'bodylanguage_l.jpg',NULL, 0),
(14, 4, 'B', 'bodylanguage_z.jpg',NULL, 0),
(15, 4, 'C', 'bodylanguage_r.jpg',NULL, 0),
(16, 4, 'D', 'bodylanguage_s.jpg',NULL, 1),
(17, 5, 'A', 'bodylanguage_f.jpg',NULL, 0),
(18, 5, 'B', 'bodylanguage_s.jpg',NULL, 0),
(19, 5, 'C', 'bodylanguage_i.jpg',NULL, 0),
(20, 5, 'D', 'bodylanguage_k.jpg',NULL, 1),

(21, 6, 'A', NULL,'https://www.youtube.com/watch?v=D4Qk7YDcT3w', 1),
(22, 6, 'B', NULL, 'https://www.youtube.com/watch?v=i-E57y9pWkI', 0),
(23, 6, 'C', NULL, 'https://www.youtube.com/watch?v=x8tKi8WhTi8', 1),
(24, 6, 'D', NULL, 'https://www.youtube.com/watch?v=a2OdoLmtKx8', 0),
(25, 7, 'A', NULL, 'https://www.youtube.com/watch?v=x8tKi8WhTi8', 0),
(26, 7, 'B', NULL, 'https://www.youtube.com/watch?v=i-E57y9pWkI', 1),
(27, 7, 'C', NULL, 'https://www.youtube.com/watch?v=n0ulOOMM9tw&pp=ygUUc2lnbiBsYW5ndWFnZSBNb25kYXk%3D', 0),
(28, 7, 'D', NULL, 'https://www.youtube.com/watch?v=zvFM6wEfqYc&pp=ygUVc2lnbiBsYW5ndWFnZSBUdWVzZGF5', 0),
(29, 8, 'A', NULL, 'https://www.youtube.com/watch?v=zvFM6wEfqYc&pp=ygUVc2lnbiBsYW5ndWFnZSBUdWVzZGF5', 0),
(30, 8, 'B', NULL, 'https://www.youtube.com/watch?v=a2OdoLmtKx8', 0),
(31, 8, 'C', NULL, 'https://www.youtube.com/watch?v=fg9huEPjFBQ', 0),
(32, 8, 'D', NULL, 'https://www.youtube.com/watch?v=Ai1LYYlk5TY&pp=ygUUc2lnbiBsYW5ndWFnZSBGcmlkYXk%3D', 1),
(33, 9, 'A', NULL, 'https://www.youtube.com/watch?v=pVyI-D6alms&pp=ygUWc2lnbiBsYW5ndWFnZSBUaHVyc2RheQ%3D%3D', 1),
(34, 9, 'B', NULL, 'https://www.youtube.com/watch?v=i-E57y9pWkI', 0),
(35, 9, 'C', NULL, 'https://www.youtube.com/watch?v=n0ulOOMM9tw&pp=ygUUc2lnbiBsYW5ndWFnZSBNb25kYXk%3D', 0),
(36, 9, 'D', NULL, 'https://www.youtube.com/watch?v=x8tKi8WhTi8', 0),
(37, 10, 'A', NULL,'https://www.youtube.com/watch?v=n0ulOOMM9tw&pp=ygUUc2lnbiBsYW5ndWFnZSBNb25kYXk%3D', 0),
(38, 10, 'B', NULL,'https://www.youtube.com/watch?v=fg9huEPjFBQ', 1),
(39, 10, 'C', NULL, 'https://www.youtube.com/watch?v=fg9huEPjFBQ', 0),
(40, 10, 'D', NULL, 'https://www.youtube.com/watch?v=pVyI-D6alms&pp=ygUWc2lnbiBsYW5ndWFnZSBUaHVyc2RheQ%3D%3D', 0),

(41, 11, 'A', NULL, 'https://www.youtube.com/watch?v=nmFavMsCm4g', 0),
(42, 11, 'B', NULL, 'https://www.youtube.com/watch?v=JXOJ16_0mQg', 0),
(43, 11, 'C', NULL, 'https://www.youtube.com/watch?v=teStsYrX-ow', 1),
(44, 11, 'D', NULL, 'https://www.youtube.com/watch?v=geQT9vW0OyI', 0),
(45, 12, 'A', NULL, 'https://www.youtube.com/watch?v=nmFavMsCm4g', 0),
(46, 12, 'B', NULL, 'https://www.youtube.com/watch?v=geQT9vW0OyI', 0),
(47, 12, 'C', NULL, 'https://www.youtube.com/watch?v=JXOJ16_0mQg', 1),
(48, 12, 'D', NULL, 'https://www.youtube.com/watch?v=teStsYrX-ow', 0),
(49, 13, 'A', NULL, 'https://www.youtube.com/watch?v=JXOJ16_0mQg', 0),
(50, 13, 'B', NULL, 'https://www.youtube.com/watch?v=nmFavMsCm4g', 1),
(51, 13, 'C', NULL, 'https://www.youtube.com/watch?v=teStsYrX-ow', 0),
(52, 13, 'D', NULL, 'https://www.youtube.com/watch?v=geQT9vW0OyI', 0),
(53, 14, 'A', NULL, 'https://www.youtube.com/watch?v=JXOJ16_0mQg', 0),
(54, 14, 'B', NULL, 'https://www.youtube.com/watch?v=nmFavMsCm4g', 0),
(55, 14, 'C', NULL, 'https://www.youtube.com/watch?v=teStsYrX-ow', 0),
(56, 14, 'D', NULL, 'https://www.youtube.com/watch?v=geQT9vW0OyI', 1),
(57, 15, 'A', NULL, 'https://www.youtube.com/watch?v=geQT9vW0OyI', 0),
(58, 15, 'B', NULL, 'https://www.youtube.com/watch?v=teStsYrX-ow', 0),
(59, 15, 'C', NULL, 'https://www.youtube.com/watch?v=fXAAKXSjOoE&pp=ygURc2lnbiBsYW5ndWFnZSBsZWc%3D', 1),
(60, 15, 'D', NULL, 'https://www.youtube.com/watch?v=nmFavMsCm4g', 0),


(61, 16, 'A', NULL, 'https://www.youtube.com/watch?v=EqLbHuS81J4', 1),
(62, 16, 'B', NULL, 'https://www.youtube.com/watch?v=xifKj8UNczQ', 0),
(63, 16, 'C', NULL, 'https://www.youtube.com/watch?v=rbBPg9bUJXk', 0),
(64, 16, 'D', NULL, 'https://www.youtube.com/watch?v=IDARiOLo22I', 0),
(65, 17, 'A', NULL, 'https://www.youtube.com/watch?v=04Ov1nw_OWA', 0),
(66, 17, 'B', NULL, 'https://www.youtube.com/watch?v=EqLbHuS81J4', 0),
(67, 17, 'C', NULL, 'https://www.youtube.com/watch?v=xifKj8UNczQ', 1),
(68, 17, 'D', NULL, 'https://www.youtube.com/watch?v=rbBPg9bUJXk', 0),
(69, 18, 'A', NULL, 'https://www.youtube.com/watch?v=IDARiOLo22I', 1),
(70, 18, 'B', NULL, 'https://www.youtube.com/watch?v=04Ov1nw_OWA', 0),
(71, 18, 'C', NULL, 'https://www.youtube.com/watch?v=EqLbHuS81J4', 0),
(72, 18, 'D', NULL, 'https://www.youtube.com/watch?v=xifKj8UNczQ', 0),
(73, 19, 'A', NULL, 'https://www.youtube.com/watch?v=rbBPg9bUJXk', 0),
(74, 19, 'B', NULL, 'https://www.youtube.com/watch?v=IDARiOLo22I', 0),
(75, 19, 'C', NULL, 'https://www.youtube.com/watch?v=04Ov1nw_OWA', 1),
(76, 19, 'D', NULL, 'https://www.youtube.com/watch?v=EqLbHuS81J4', 0),
(77, 20, 'A', NULL, 'https://www.youtube.com/watch?v=xifKj8UNczQ', 0),
(78, 20, 'B', NULL, 'https://www.youtube.com/watch?v=rbBPg9bUJXk', 1),
(79, 20, 'C', NULL, 'https://www.youtube.com/watch?v=IDARiOLo22I', 0),
(80, 20, 'D', NULL, 'https://www.youtube.com/watch?v=04Ov1nw_OWA', 0),

(81, 21, 'A', NULL, 'https://www.youtube.com/watch?v=THFUrj4r_nI&pp=ygUSc2lnbiBsYW5ndWFnZSBCbHVl', 1),
(82, 21, 'B', NULL, 'https://www.youtube.com/watch?v=wwo6dhSXpuM&pp=ygUVc2lnbiBsYW5ndWFnZSBTY2llbmNl', 0),
(83, 21, 'C', NULL, 'https://www.youtube.com/watch?v=yW5ivkk0_tc&pp=ygURc2lnbiBsYW5ndWFnZSBhcnQ%3D', 0),
(84, 21, 'D', NULL, 'https://www.youtube.com/watch?v=OTTQjdB7KEk&pp=ygUXc2lnbmxhbmd1YWdlIHBoaWxvc29waHk%3D', 0),
(85, 22, 'A', NULL, 'https://www.youtube.com/watch?v=YY_y6x-dzb8&pp=ygURc2lnbiBsYW5ndWFnZSBwZW4%3D', 1),
(86, 22, 'B', NULL, 'https://www.youtube.com/watch?v=yW5ivkk0_tc&pp=ygURc2lnbiBsYW5ndWFnZSBhcnQ%3D', 0),
(87, 22, 'C', NULL, 'https://www.youtube.com/watch?v=THFUrj4r_nI&pp=ygUSc2lnbiBsYW5ndWFnZSBCbHVl', 0),
(88, 22, 'D', NULL, 'https://www.youtube.com/watch?v=OTTQjdB7KEk&pp=ygUXc2lnbmxhbmd1YWdlIHBoaWxvc29waHk%3D', 0),
(89, 23, 'A', NULL, 'https://www.youtube.com/watch?v=YY_y6x-dzb8&pp=ygURc2lnbiBsYW5ndWFnZSBwZW4%3D', 0),
(90, 23, 'B', NULL, 'https://www.youtube.com/watch?v=yW5ivkk0_tc&pp=ygURc2lnbiBsYW5ndWFnZSBhcnQ%3D', 1),
(91, 23, 'C', NULL, 'https://www.youtube.com/watch?v=THFUrj4r_nI&pp=ygUSc2lnbiBsYW5ndWFnZSBCbHVl', 0),
(92, 23, 'D', NULL, 'https://www.youtube.com/watch?v=OTTQjdB7KEk&pp=ygUXc2lnbmxhbmd1YWdlIHBoaWxvc29waHk%3D', 0),
(93, 24, 'A', NULL, 'https://www.youtube.com/watch?v=YY_y6x-dzb8&pp=ygURc2lnbiBsYW5ndWFnZSBwZW4%3D', 0),
(94, 24, 'B', NULL, 'https://www.youtube.com/watch?v=yW5ivkk0_tc&pp=ygURc2lnbiBsYW5ndWFnZSBhcnQ%3D', 1),
(95, 24, 'C', NULL, 'https://www.youtube.com/watch?v=THFUrj4r_nI&pp=ygUSc2lnbiBsYW5ndWFnZSBCbHVl', 0),
(96, 24, 'D', NULL, 'https://www.youtube.com/watch?v=OTTQjdB7KEk&pp=ygUXc2lnbmxhbmd1YWdlIHBoaWxvc29waHk%3D', 0),
(97, 25, 'A', NULL, 'https://www.youtube.com/watch?v=YY_y6x-dzb8&pp=ygURc2lnbiBsYW5ndWFnZSBwZW4%3D', 0),
(98, 25, 'B', NULL, 'https://www.youtube.com/watch?v=yW5ivkk0_tc&pp=ygURc2lnbiBsYW5ndWFnZSBhcnQ%3D', 0),
(99, 25, 'C', NULL, 'https://www.youtube.com/watch?v=THFUrj4r_nI&pp=ygUSc2lnbiBsYW5ndWFnZSBCbHVl', 0),
(100, 25, 'D', NULL, 'https://www.youtube.com/watch?v=OTTQjdB7KEk&pp=ygUXc2lnbmxhbmd1YWdlIHBoaWxvc29waHk%3D', 1),


(101, 26, 'A', NULL, 'https://www.youtube.com/watch?v=aVfJRXtyS7U&pp=ygURc2lnbmxhbmd1YWdlIGJlYXI%3D', 0),
(102, 26, 'B', NULL, 'https://www.youtube.com/watch?v=jw_JtL35ZP4&pp=ygUSc2lnaG4gbGFuZ3VhZ2UgZG9n', 0),
(103, 26, 'C', NULL, 'https://www.youtube.com/watch?v=FnIbh5awjTg&pp=ygUSc2lnaG4gbGFuZ3VhZ2UgQ2F0', 1),
(104, 26, 'D', NULL, 'https://www.youtube.com/watch?v=mqfBZC3GjI8&pp=ygUSc2lnbmxhbmd1YWdlIFNoZWVw', 0),
(105, 27, 'A', NULL, 'https://www.youtube.com/watch?v=0VJ6i7rY7Y4&pp=ygUWc2lnaG4gbGFuZ3VhZ2UgcGVuZ3Vpbg%3D%3D', 0),
(106, 27, 'B', NULL, 'https://www.youtube.com/watch?v=aVfJRXtyS7U&pp=ygURc2lnbmxhbmd1YWdlIGJlYXI%3D', 0),
(107, 27, 'C', NULL, 'https://www.youtube.com/watch?v=jw_JtL35ZP4&pp=ygUSc2lnaG4gbGFuZ3VhZ2UgZG9n', 1),
(108, 27, 'D', NULL, 'https://www.youtube.com/watch?v=FnIbh5awjTg&pp=ygUSc2lnaG4gbGFuZ3VhZ2UgQ2F0', 0),
(109, 28, 'A', NULL, 'https://www.youtube.com/watch?v=mqfBZC3GjI8&pp=ygUSc2lnbmxhbmd1YWdlIFNoZWVw', 0),
(110, 28, 'B', NULL, 'https://www.youtube.com/watch?v=0VJ6i7rY7Y4&pp=ygUWc2lnaG4gbGFuZ3VhZ2UgcGVuZ3Vpbg%3D%3D', 1),
(111, 28, 'C', NULL, 'https://www.youtube.com/watch?v=aVfJRXtyS7U&pp=ygURc2lnbmxhbmd1YWdlIGJlYXI%3D', 0),
(112, 28, 'D', NULL, 'https://www.youtube.com/watch?v=jw_JtL35ZP4&pp=ygUSc2lnaG4gbGFuZ3VhZ2UgZG9n', 0),
(113, 29, 'A', NULL, 'https://www.youtube.com/watch?v=FnIbh5awjTg&pp=ygUSc2lnaG4gbGFuZ3VhZ2UgQ2F0', 0),
(114, 29, 'B', NULL, 'https://www.youtube.com/watch?v=mqfBZC3GjI8&pp=ygUSc2lnbmxhbmd1YWdlIFNoZWVw', 1),
(115, 29, 'C', NULL, 'https://www.youtube.com/watch?v=0VJ6i7rY7Y4&pp=ygUWc2lnaG4gbGFuZ3VhZ2UgcGVuZ3Vpbg%3D%3D', 0),
(116, 29, 'D', NULL, 'https://www.youtube.com/watch?v=aVfJRXtyS7U&pp=ygURc2lnbmxhbmd1YWdlIGJlYXI%3D', 0),
(117, 30, 'A', NULL, 'https://www.youtube.com/watch?v=jw_JtL35ZP4&pp=ygUSc2lnaG4gbGFuZ3VhZ2UgZG9n', 0),
(118, 30, 'B', NULL, 'https://www.youtube.com/watch?v=FnIbh5awjTg&pp=ygUSc2lnaG4gbGFuZ3VhZ2UgQ2F0', 0),
(119, 30, 'C', NULL, 'https://www.youtube.com/watch?v=aVfJRXtyS7U&pp=ygURc2lnbmxhbmd1YWdlIGJlYXI%3D', 1),
(120, 30, 'D', NULL, 'https://www.youtube.com/watch?v=0VJ6i7rY7Y4&pp=ygUWc2lnaG4gbGFuZ3VhZ2UgcGVuZ3Vpbg%3D%3D', 0);


INSERT INTO quizresult (result_id, user_id, quiz_id, score, completed_at)
VALUES 
(1, 1, 1, 4, '26/05/2023 9:48:49 PM'),
(2, 3, 4, 5, '27/05/2023 1:48:49 PM'),
(3, 2, 2, 3, '29/05/2023 3:48:49 PM'),
(4, 4, 3, 1, '30/05/2023 4:48:49 PM'),
(5, 5, 5, 2,'02/06/2023 8:48:49 PM');
INSERT INTO Feedback (feedback_id, user_id, course_id, feedback, created_at)
VALUES 
(1, 1, 2, 'This course was very helpful.', '25/05/2023 9:48:49 PM'),
(2, 2, 1, 'I learned a lot from this course.', '29/05/2023 3:48:49 PM'),
(3, 3, 4, 'The content was very interesting.', '29/05/2023 2:46:59 PM'),
(4, 4, 3, 'I enjoyed this course.', '29/05/2023 9:50:49 PM'),
(5, 5, 7, 'This course could use more examples.', '02/06/2023 9:48:49 PM');

INSERT INTO users (users_id, username, email, passwords, first_name, last_name, age, gender, created_at, updated_at, user_role)
VALUES 
(1, 'kenta', 'kenta@user.com', 'password1', 'Kenta', 'Karakara', 22, 'M', '05/05/2023 5:48:49 PM', '05/05/2023 5:48:49 PM', 'admin'),
(2, 'taro', 'taro@user.com', 'password2', 'Taro', 'Yamada', 23, 'M', '05/05/2023 5:48:49 PM','05/05/2023 5:48:49 PM', 'user'),
(3, 'hana', 'hana@user.com', 'password3', 'Hana', 'Sakura', 24, 'F','05/05/2023 5:48:49 PM', '05/05/2023 5:48:49 PM', 'user'),
(4, 'yuki', 'yuki@user.com', 'password4', 'Yuki', 'Snow', 25, 'F', '05/05/2023 5:48:49 PM', '05/05/2023 5:48:49 PM', 'user'),
(5, 'mike', 'mike@user.com', 'password5', 'Mike', 'Smith', 26, 'M', '05/05/2023 5:48:49 PM', '05/05/2023 5:48:49 PM', 'admin');


INSERT INTO course (course_id, title, description, difficulty, created_at, updated_at) 
VALUES
(1, 'Alphabet', 'Alphabet', 'Easy','05/05/2023 5:48:49 PM', '05/05/2023 5:48:49 PM'),
(2, 'Weekdays', 'Weekdays','Easy','18/05/2023', '18/05/2023 5:48:49 PM'),
(3, 'Body', 'Body', 'Intermediate', '19/05/2023 5:48:49 PM', '19/05/2023 5:48:49 PM'),
(4, 'Daily Item', 'Daily Item', 'Intermediate', '20/05/2023 5:48:49 PM', '20/05/2023 5:48:49 PM'),
(5, 'Subject', 'Subject', 'Difficult', '24/05/2023 8:44:42 PM', '24/05/2023 8:44:42 PM'),
(6, 'Animal', 'Animal', 'Difficult', '05/05/2023 8:44:42 PM', '05/05/2023 8:44:42 PM');

INSERT INTO vocabulary (vocabulary_id, course_id, term, description, image, video) 
VALUES
(1, 1, 'A', 'A', 'bodylanguage_a.jpg', 'https://www.youtube.com/watch?v=bsYLoba2CV0'),
(2, 1, 'B', 'B', 'bodylanguage_b.jpg', 'https://www.youtube.com/watch?v=3A4pdSEmuTE'),
(3, 1, 'C', 'C', 'bodylanguage_c.jpg', 'https://www.youtube.com/watch?v=dJqoBH9NDOI'),
(4, 1, 'D', 'D', 'bodylanguage_d.jpg', 'https://www.youtube.com/watch?v=unaicv88lLI'),
(5, 1, 'E', 'E', 'bodylanguage_e.jpg', 'https://www.youtube.com/watch?v=DuqblObUlxk'),
(6, 1, 'F', 'F', 'bodylanguage_f.jpg', 'https://www.youtube.com/watch?v=SadgQ0mvY50'),
(7, 1, 'G', 'G', 'bodylanguage_g.jpg', 'https://www.youtube.com/watch?v=UM8feCdEh2k'),
(8, 1, 'H', 'H', 'bodylanguage_h.jpg', 'https://www.youtube.com/watch?v=gz6Ux2SWVTc'),
(9, 1, 'I', 'I', 'bodylanguage_i.jpg', 'https://www.youtube.com/watch?v=Hyfqjm3fFNk'),
(10, 1, 'J', 'J', 'bodylanguage_j.jpg', 'https://www.youtube.com/watch?v=uvqNhKdoUw0'),
(11, 1, 'K', 'K', 'bodylanguage_k.jpg', 'https://www.youtube.com/watch?v=9KP2yPZTZ5o'),
(12, 1, 'L', 'L', 'bodylanguage_l.jpg', 'https://www.youtube.com/watch?v=PUVdWVNCZTk'),
(13, 1, 'M', 'M', 'bodylanguage_m.jpg', 'https://www.youtube.com/watch?v=rrTRRfUzlB0'),
(14, 1, 'N', 'N', 'bodylanguage_n.jpg', 'https://www.youtube.com/watch?v=fF5_b0dhTS4'),
(15, 1, 'O', 'O', 'bodylanguage_o.jpg', 'https://www.youtube.com/watch?v=lvl-UxT0oOM'),
(16, 1, 'P', 'P', 'bodylanguage_p.jpg', 'https://www.youtube.com/watch?v=9dlrwu_9qk8'),
(17, 1, 'Q', 'Q', 'bodylanguage_q.jpg', 'https://www.youtube.com/watch?v=asa1mwMzuN8'),
(18, 1, 'R', 'R', 'bodylanguage_r.jpg', 'https://www.youtube.com/watch?v=S9Wsq66A9xI'),
(19, 1, 'S', 'S', 'bodylanguage_s.jpg', 'https://www.youtube.com/watch?v=sABdqaGImmw'),
(20, 1, 'T', 'T', 'bodylanguage_t.jpg', 'https://www.youtube.com/watch?v=Z4RUlAm5EWA'),
(21, 1, 'U', 'U', 'bodylanguage_u.jpg', 'https://www.youtube.com/watch?v=TMk2OJAmOmE'),
(22, 1, 'V', 'V', 'bodylanguage_v.jpg', 'https://www.youtube.com/watch?v=0mjIJ_Maf34'),
(23, 1, 'W', 'W', 'bodylanguage_w.jpg', 'https://www.youtube.com/watch?v=qd5icmqdALI'),
(24, 1, 'X', 'X', 'bodylanguage_x.jpg', 'https://www.youtube.com/watch?v=vdL-hKuSwTs'),
(25, 1, 'Y', 'Y', 'bodylanguage_y.jpg', 'https://www.youtube.com/watch?v=t689H0-w-Ww'),
(26, 1, 'Z', 'Z', 'bodylanguage_z.jpg', 'https://www.youtube.com/watch?v=0BlkX6MWByw'),
(27, 2, 'Sunday', 'Sunday', NULL, 'https://www.youtube.com/watch?v=D4Qk7YDcT3w'),
(28, 2, 'Monday', 'Monday', NULL, 'https://www.youtube.com/watch?v=n0ulOOMM9tw&pp=ygUUc2lnbiBsYW5ndWFnZSBNb25kYXk%3D'),
(29, 2, 'Tuesday', 'Tuesday', NULL, 'https://www.youtube.com/watch?v=zvFM6wEfqYc&pp=ygUVc2lnbiBsYW5ndWFnZSBUdWVzZGF5'),
(30, 2, 'Wednesday', 'Wednesday', NULL, 'https://www.youtube.com/watch?v=x8tKi8WhTi8'),
(31, 2, 'Thursday', 'Thursday', NULL, 'https://www.youtube.com/watch?v=pVyI-D6alms&pp=ygUWc2lnbiBsYW5ndWFnZSBUaHVyc2RheQ%3D%3D'),
(32, 2, 'Friday', 'Friday', NULL, 'https://www.youtube.com/watch?v=Ai1LYYlk5TY&pp=ygUUc2lnbiBsYW5ndWFnZSBGcmlkYXk%3D'),
(33, 2, 'Saturday', 'Saturday', NULL, 'https://www.youtube.com/watch?v=i-E57y9pWkI'),
(34, 2, 'Yesterday', 'Yesterday', NULL, 'https://www.youtube.com/watch?v=fg9huEPjFBQ'),
(35, 2, 'Today', 'Today', NULL, 'https://www.youtube.com/watch?v=SP8Uk_9EIeg'),
(36, 2, 'Everyday', 'Everyday', NULL, 'https://www.youtube.com/watch?v=a2OdoLmtKx8'),
(37, 3, 'Brain', 'The brain is the most complex part of the human body', NULL, 'https://www.youtube.com/watch?v=teStsYrX-ow'),
(38, 3, 'Face', 'the front part of a person head from the forehead to the chin, or the corresponding part in an animal.', NULL, 'https://www.youtube.com/watch?v=JXOJ16_0mQg'),
(39, 3, 'Finger', 'any of the five terminating members of the hand', NULL, 'https://www.youtube.com/watch?v=nmFavMsCm4g'),
(40, 3, 'Hand', 'the end part of a persons arm beyond the wrist, including the palm, fingers, and thumb', NULL, 'https://www.youtube.com/watch?v=x8tKi8WhTi8'),
(41, 4, 'Alarm', 'a device that makes a loud noise to warn of danger', NULL, 'https://www.youtube.com/watch?v=EqLbHuS81J4'),
(42, 4, 'Bank', 'an institution that deals in money and its substitutes and provides other money-related service', NULL, 'https://www.youtube.com/watch?v=xifKj8UNczQ'),
(43, 4, 'Bathroom', 'a room with a bath and/or shower and often a toilet', NULL, 'https://www.youtube.com/watch?v=rbBPg9bUJXk'),
(44, 4, 'Flute', 'a tube-shaped musical instrument with a hole that you blow across at one end while holding the tube out horizontally to one side', NULL, 'https://www.youtube.com/watch?v=IDARiOLo22I'),
(45, 4, 'Instagram', 'the name of a social media service for taking, changing, and sharing photographs and video', NULL, 'https://www.youtube.com/watch?v=04Ov1nw_OWA'),
--(46, 5, 'Yellow', 'Yellow', NULL, 'https://www.youtube.com/watch?v=3jJbkQdWxyU&pp=ygUVc2lnbiBsYW5ndWFnZSB5ZWxsb3du'),
--(47, 5, 'Black', 'Black', NULL, 'https://www.youtube.com/watch?v=VZBTIK9-Vew&pp=ygUTc2lnbiBsYW5ndWFnZSBibGFjaw%3D%3D'),
--(48, 5, 'White', 'White', NULL, 'https://www.youtube.com/watch?v=NVKeSA9NUuI&pp=ygUTc2lnbiBsYW5ndWFnZSB3aGl0ZQ%3D%3D'),
--(49, 5, 'Green', 'Green', NULL, 'https://www.youtube.com/watch?v=8Z_Plre787Q&pp=ygUTc2lnbiBsYW5ndWFnZSBncmVlbg%3D%3D'),
--(50, 5, 'Blue', 'Yellow', NULL, 'https://www.youtube.com/watch?v=THFUrj4r_nI&pp=ygUSc2lnbiBsYW5ndWFnZSBCbHVl'),
(46, 5, 'Math', 'Math', NULL, 'https://www.youtube.com/watch?v=THFUrj4r_nI&pp=ygUSc2lnbiBsYW5ndWFnZSBCbHVl'),
(47, 5, 'Science', 'Science', NULL, 'https://www.youtube.com/watch?v=wwo6dhSXpuM&pp=ygUVc2lnbiBsYW5ndWFnZSBTY2llbmNl'),
(48, 5, 'English', 'English', NULL, 'https://www.youtube.com/watch?v=ENGLISH_VIDEO_LINK'),
(49, 5, 'Philosophy', 'Philosophy', NULL, 'https://www.youtube.com/watch?v=OTTQjdB7KEk&pp=ygUXc2lnbmxhbmd1YWdlIHBoaWxvc29waHk%3D'),
(50, 6, 'Bear', 'Bear', NULL, 'https://www.youtube.com/watch?v=aVfJRXtyS7U&pp=ygURc2lnbmxhbmd1YWdlIGJlYXI%3D'),
(51, 6, 'Sheep', 'Sheep', NULL, 'https://www.youtube.com/watch?v=mqfBZC3GjI8&pp=ygUSc2lnbmxhbmd1YWdlIFNoZWVw'),
(52, 6, 'Dog', 'Dog', NULL, 'https://www.youtube.com/watch?v=jw_JtL35ZP4&pp=ygUSc2lnaG4gbGFuZ3VhZ2UgZG9n'),
(53, 6, 'Cat', 'Cat', NULL, 'https://www.youtube.com/watch?v=FnIbh5awjTg&pp=ygUSc2lnaG4gbGFuZ3VhZ2UgQ2F0'),
(54, 6, 'Penguin', 'Penguin', NULL, 'https://www.youtube.com/watch?v=0VJ6i7rY7Y4&pp=ygUWc2lnaG4gbGFuZ3VhZ2UgcGVuZ3Vpbg%3D%3D'),
(55, 3, 'Legs', 'Legs', NULL, 'https://www.youtube.com/watch?v=0VJ6i7rY7Y4&pp=ygUWc2lnaG4gbGFuZ3VhZ2UgcGVuZ3Vpbg%3D%3D'),
(56, 5, 'Pen', 'Pen', NULL, 'https://www.youtube.com/watch?v=YY_y6x-dzb8&pp=ygURc2lnbiBsYW5ndWFnZSBwZW4%3D'),
(57, 5, 'Art', 'Art', NULL, 'https://www.youtube.com/watch?v=yW5ivkk0_tc&pp=ygURc2lnbiBsYW5ndWFnZSBhcnQ%3D');


